{"accuracy": [0.10053190588951111, 0.09776876866817474, 0.09700891375541687, 0.09804508835077286], "val_accuracy": [0.10151068866252899, 0.09377302974462509, 0.09874723851680756, 0.10151068866252899], "loss": [3.382453680038452, 3.365725517272949, 3.3617637157440186, 3.358442783355713], "val_loss": [3.36362624168396, 3.3489418029785156, 3.3464484214782715, 3.3567960262298584]}